{"cameraMode":{"drawMode":0,"name":"Shaded","section":"Shading Mode"},"sceneLighting":true,"audioPlay":false,"sceneViewState":{"m_AlwaysRefresh":false,"showFog":true,"showSkybox":true,"showFlares":true,"showImageEffects":true,"showParticleSystems":true,"showVisualEffectGraphs":true,"m_FxEnabled":true},"in2DMode":false,"pivot":{"x":-5.87954568862915,"y":13.81451416015625,"z":-42.733909606933597},"rotation":{"x":0.11524323374032974,"y":0.0014900449896231294,"z":-0.0001728694624034688,"w":0.9933369159698486},"size":5.936822891235352,"orthographic":false}